placa,tipo_vehiculo,marca,modelo,año,kilometraje,combustible,fecha_ultima_revision,tiempo_desde_revision,falla
RQI872,moto,Bajaj,GS150,2016,37152,gasolina,2021-03-20,62,0
IOR346,carro,Kia,Spark,2016,152002,gasolina,2024-11-02,18,0
LCF972,moto,AKT,GS150,2010,45665,gasolina,2024-12-29,16,0
EKZ808,carro,Mazda,Spark,2023,126543,gasolina,2021-12-17,53,0
HZF871,bus,Hino,Sprinter,2001,190722,diésel,2024-01-10,28,1
DNY316,camioneta,Ford,Frontier,2020,107238,diésel,2022-09-29,43,0
GCD325,carro,Chevrolet,Tucson,2019,106431,diésel,2022-06-26,46,1
MCS009,moto,Bajaj,TTX,2019,56512,gasolina,2022-07-03,46,1
QZZ079,moto,Honda,CB190,2024,37738,gasolina,2022-10-02,43,1
CEI423,carro,Hyundai,Spark,2023,500,gasolina,2021-09-19,56,0
RBL902,camioneta,Ford,Hilux,2010,103318,diésel,2023-01-20,39,0
FCP372,carro,Toyota,Sportage,2019,103988,gasolina,2024-12-10,16,0
CJG293,camioneta,Mitsubishi,Ranger,2022,110940,diésel,2021-07-23,58,0
NYQ948,camioneta,Mitsubishi,Frontier,2015,128248,gasolina,2024-01-22,27,1
VLD998,carro,Honda,Tucson,2021,89467,gasolina,2023-08-10,33,0
KBX581,moto,AKT,TTX,2022,11299,gasolina,2024-11-02,18,0
OBG150,moto,Bajaj,CB190,2012,57656,gasolina,2021-06-15,59,0
VRK735,carro,Kia,Sportage,2019,59697,gasolina,2023-12-21,28,0
LEE673,moto,Bajaj,FZ25,2012,29968,gasolina,2023-11-16,29,0
OSR879,carro,Hyundai,Corolla,2008,100683,gasolina,2023-01-09,40,0
MXA238,carro,Mazda,Spark,2014,54393,gasolina,2024-12-10,16,1
ZXG432,carro,Kia,Tucson,2014,89161,eléctrico,2022-11-24,41,1
OWI261,carro,Ford,Logan,2015,50047,gasolina,2021-01-24,64,1
JRF133,moto,Suzuki,TTX,2017,36249,gasolina,2024-05-26,23,0
EQB153,carro,Toyota,Tucson,2007,66927,gasolina,2022-01-11,52,1
XWY987,carro,Renault,Sportage,2005,63831,diésel,2024-08-22,20,0
OUU818,moto,Suzuki,FZ25,2020,23670,gasolina,2022-02-24,50,0
OEQ574,moto,AKT,GS150,2010,39097,gasolina,2021-03-31,61,1
CJS459,moto,Honda,TTX,2010,42426,gasolina,2022-09-25,43,0
ZAU128,camioneta,Mitsubishi,Frontier,2008,147038,diésel,2025-05-25,11,1
EXT854,carro,Hyundai,Corolla,2009,59916,gasolina,2022-02-15,51,1
WOJ697,carro,Renault,Civic,2009,81844,eléctrico,2021-10-24,54,0
HAI030,bus,Scania,Sprinter,2020,332438,diésel,2024-05-06,24,1
NIP003,moto,AKT,TTX,2018,47836,gasolina,2022-09-18,44,0
IHZ483,moto,AKT,CB190,2013,49654,gasolina,2022-09-17,44,1
BUV467,bus,Hino,Sprinter,2010,226000,diésel,2021-12-20,53,1
AES991,carro,Renault,Spark,2010,20349,eléctrico,2025-02-23,14,0
CTV725,camioneta,Toyota,Frontier,2014,100243,diésel,2021-06-09,59,0
BKH198,bus,Hino,B7R,2015,71617,diésel,2024-07-15,21,0
ANR006,carro,Kia,Spark,2012,110146,diésel,2025-02-07,14,0
EZO923,moto,Bajaj,CB190,2011,74005,gasolina,2021-05-04,60,1
GNH321,moto,Honda,TTX,2016,29424,gasolina,2022-02-25,50,0
LOT022,carro,Ford,Logan,2015,141721,gasolina,2021-10-30,54,1
UTZ757,moto,Suzuki,GS150,2014,17567,gasolina,2023-12-30,28,0
ROU492,carro,Renault,Corolla,2009,38282,gasolina,2024-06-24,22,0
BAI271,carro,Kia,Corolla,2017,99345,gasolina,2022-01-03,52,0
VJT119,carro,Mazda,Mustang,2008,51440,diésel,2023-10-07,31,1
ACE296,carro,Chevrolet,Corolla,2005,62617,gasolina,2023-02-19,38,1
IZP581,camioneta,Nissan,Ranger,2011,153449,diésel,2021-01-02,64,1
UEK011,camioneta,Nissan,Ranger,2019,71012,diésel,2022-08-04,45,0
AFQ587,carro,Toyota,Tucson,2012,70125,gasolina,2021-04-10,61,1
FTD882,camioneta,Mitsubishi,Frontier,2011,105311,gasolina,2022-07-02,46,1
ZES434,carro,Toyota,Civic,2017,93249,gasolina,2024-08-11,20,0
OXV723,carro,Toyota,Mustang,2021,105626,eléctrico,2024-10-17,18,1
GWP949,camioneta,Mitsubishi,Frontier,2011,105857,gasolina,2023-09-04,32,0
RAI852,moto,AKT,Pulsar,2016,16025,gasolina,2022-07-03,46,1
RWR738,carro,Chevrolet,Corolla,2023,115351,diésel,2022-11-02,42,1
UGL780,camioneta,Nissan,Frontier,2020,225014,gasolina,2022-08-12,45,1
HTZ731,carro,Renault,Spark,2023,108710,gasolina,2021-06-22,59,1
RDS673,moto,Suzuki,CB190,2016,51212,gasolina,2024-04-01,25,0
OQR411,camioneta,Toyota,Frontier,2017,94974,gasolina,2024-12-27,16,0
UBQ350,carro,Renault,CX-5,2011,71176,gasolina,2023-11-28,29,0
WKF270,carro,Kia,Logan,2017,31363,gasolina,2022-07-20,46,1
YRX188,camioneta,Toyota,L200,2015,134693,gasolina,2022-08-06,45,0
ZDZ679,carro,Kia,Mustang,2006,75247,diésel,2022-11-16,42,1
JIP390,carro,Chevrolet,Corolla,2021,125076,eléctrico,2024-04-15,24,0
RXX209,carro,Kia,Sportage,2011,43705,gasolina,2022-03-26,49,0
BNQ052,carro,Kia,Logan,2010,127751,diésel,2022-08-31,44,1
IRV262,carro,Kia,Mustang,2024,69151,gasolina,2024-12-23,16,0
PII380,camioneta,Mitsubishi,Ranger,2009,85555,gasolina,2025-04-19,12,0
JMD343,moto,Honda,Pulsar,2018,30337,gasolina,2022-02-02,51,0
PME652,carro,Toyota,Corolla,2022,58685,gasolina,2024-07-20,21,0
EWP800,carro,Chevrolet,Logan,2017,6908,diésel,2025-03-22,13,0
OZV230,moto,Yamaha,GS150,2014,52786,gasolina,2024-02-26,26,0
KRV999,carro,Renault,Sportage,2023,107100,gasolina,2021-08-28,56,0
VVB633,carro,Chevrolet,Tucson,2023,124749,gasolina,2021-05-03,60,1
CTO174,moto,Suzuki,Pulsar,2017,54105,gasolina,2021-08-09,57,1
NBW031,camioneta,Mitsubishi,Ranger,2012,136239,gasolina,2023-06-08,35,1
FBF629,moto,AKT,GS150,2014,6429,gasolina,2023-04-16,37,1
JST018,carro,Hyundai,Civic,2021,86408,gasolina,2023-11-25,29,0
URM788,carro,Mazda,Sportage,2013,40337,gasolina,2022-06-23,46,0
BGC905,moto,Yamaha,Pulsar,2014,34418,gasolina,2025-01-05,16,0
TAX007,moto,Bajaj,CB190,2010,67932,gasolina,2021-02-04,63,0
GZW517,carro,Renault,Corolla,2006,81127,diésel,2023-06-30,34,0
ROC523,moto,Honda,TTX,2016,500,gasolina,2021-09-04,56,0
RVY311,carro,Honda,Civic,2015,44944,gasolina,2021-10-04,55,1
ZPY992,moto,Suzuki,CB190,2016,28649,gasolina,2022-09-10,44,0
OUI803,moto,AKT,TTX,2017,35486,gasolina,2021-08-08,57,1
LJQ941,moto,AKT,Pulsar,2023,58760,gasolina,2025-02-08,14,0
OHP732,carro,Mazda,Corolla,2017,109287,gasolina,2024-01-06,28,1
MUR133,carro,Ford,Spark,2024,108425,gasolina,2023-01-02,40,0
ANJ266,carro,Hyundai,Tucson,2006,88130,eléctrico,2024-02-09,27,0
LDA581,carro,Renault,CX-5,2011,69671,gasolina,2023-07-03,34,1
VBD131,moto,Suzuki,FZ25,2011,32766,gasolina,2022-09-07,44,1
VAI004,carro,Ford,Corolla,2020,95124,gasolina,2022-09-04,44,0
IEO797,carro,Kia,Sportage,2013,112688,diésel,2023-12-20,28,0
RHY416,carro,Honda,Logan,2015,134342,gasolina,2021-05-06,60,1
LXZ084,moto,Yamaha,CB190,2023,41872,gasolina,2023-02-12,39,0
TGV266,moto,AKT,FZ25,2019,45896,gasolina,2024-02-15,26,0
DHU102,carro,Ford,Tucson,2023,131990,gasolina,2025-04-30,12,0
PGI950,carro,Kia,CX-5,2021,41959,gasolina,2023-07-22,33,0
TJL750,carro,Mazda,Mustang,2016,108740,gasolina,2021-12-21,53,0
OPT399,carro,Kia,Spark,2013,52421,gasolina,2023-02-23,38,1
HMP705,moto,Yamaha,CB190,2023,71876,gasolina,2023-04-24,36,0
YLQ747,moto,Bajaj,TTX,2024,68118,gasolina,2025-04-07,12,0
WYI622,carro,Toyota,Spark,2021,137566,gasolina,2022-05-29,47,0
LJG267,carro,Honda,Mustang,2010,133955,diésel,2023-08-03,33,1
XIV487,carro,Toyota,Tucson,2006,109421,gasolina,2022-06-12,47,0
LRN429,carro,Chevrolet,Logan,2015,44191,gasolina,2024-12-02,17,0
HXN620,moto,Bajaj,GS150,2014,49895,gasolina,2024-09-20,19,0
JNM279,moto,Bajaj,FZ25,2021,57914,gasolina,2024-08-07,21,0
TNH809,camioneta,Ford,Ranger,2021,129094,diésel,2024-03-17,25,0
CRT567,carro,Renault,Sportage,2014,75991,eléctrico,2023-10-27,30,1
JXG041,bus,Scania,Sprinter,2015,209413,diésel,2024-05-09,24,1
LZH619,camioneta,Toyota,Frontier,2017,125503,diésel,2024-12-17,16,1
GOV536,camioneta,Ford,Ranger,2009,68950,diésel,2023-06-27,34,1
IIU706,camioneta,Ford,Ranger,2017,137165,diésel,2021-09-26,55,1
EDI859,carro,Toyota,Logan,2015,99421,gasolina,2023-12-13,28,0
CQG514,carro,Renault,Tucson,2017,75389,gasolina,2021-01-25,64,0
FBF948,carro,Ford,Tucson,2007,103376,gas natural,2024-06-08,23,0
YME597,camioneta,Mitsubishi,Hilux,2014,156545,diésel,2025-06-13,10,0
KVK430,carro,Toyota,Corolla,2023,44416,gas natural,2022-03-03,50,0
QID163,carro,Mazda,Corolla,2011,131473,gas natural,2022-07-10,46,1
GXW036,carro,Ford,Tucson,2021,115571,gasolina,2024-05-07,24,0
KIO793,camioneta,Mitsubishi,L200,2014,150244,diésel,2023-10-27,30,0
PYB374,carro,Toyota,CX-5,2006,114906,gas natural,2021-07-31,57,0
CNP585,moto,Suzuki,FZ25,2020,54288,gasolina,2022-02-12,51,0
AWS613,camioneta,Ford,Ranger,2017,110025,diésel,2024-04-14,24,0
UGN509,carro,Chevrolet,Spark,2013,54334,gasolina,2025-05-19,11,0
JLF637,moto,Honda,Pulsar,2017,50248,gasolina,2024-09-20,19,0
DXC525,camioneta,Mitsubishi,Frontier,2021,115316,diésel,2024-09-03,20,0
FYV262,carro,Kia,Spark,2014,55722,gasolina,2022-12-14,41,0
GZQ949,carro,Chevrolet,Sportage,2011,141587,gasolina,2023-08-29,32,1
SHG501,moto,Suzuki,TTX,2013,56810,gasolina,2023-10-07,31,0
IQC613,carro,Toyota,Tucson,2013,69118,gasolina,2025-05-20,11,0
KNB273,camioneta,Ford,Ranger,2013,47022,gasolina,2024-07-28,21,0
LAT037,moto,Yamaha,FZ25,2019,23238,gasolina,2021-09-09,56,1
GID418,carro,Kia,Corolla,2023,97100,gasolina,2024-03-23,25,0
UVT670,carro,Kia,Spark,2020,70979,eléctrico,2022-01-26,51,0
SVH292,carro,Chevrolet,Sportage,2017,33888,diésel,2022-04-08,49,1
NVD341,moto,AKT,GS150,2016,45337,gasolina,2022-09-20,43,0
NSY131,carro,Toyota,Corolla,2022,74444,diésel,2025-02-23,14,0
ZJC501,carro,Toyota,Logan,2011,65908,eléctrico,2024-09-02,20,0
MKZ167,carro,Ford,Corolla,2008,36428,gasolina,2024-09-25,19,0
LXJ003,carro,Toyota,Tucson,2014,91713,gasolina,2023-05-25,35,0
JJQ612,carro,Renault,Spark,2016,42460,gasolina,2023-07-11,34,0
KQF130,carro,Ford,Tucson,2019,72557,eléctrico,2022-02-20,51,0
PJI166,carro,Mazda,Corolla,2010,120619,gasolina,2023-06-13,35,1
EMR984,carro,Chevrolet,Logan,2008,123556,gasolina,2022-04-05,49,1
NBB134,moto,Yamaha,TTX,2010,37438,gasolina,2024-05-27,23,0
ZTA683,carro,Ford,Tucson,2007,500,gasolina,2025-04-01,13,1
ZVF318,camioneta,Nissan,L200,2023,140208,diésel,2021-04-01,61,1
KCT422,bus,Scania,K410,2014,144263,diésel,2024-07-09,22,1
ANF234,camioneta,Nissan,Hilux,2020,54265,diésel,2025-01-03,16,0
VCE321,moto,Honda,GS150,2020,54798,gasolina,2023-12-02,29,0
KDO661,carro,Hyundai,Tucson,2011,15257,gasolina,2023-05-01,36,0
VGV152,moto,Bajaj,GS150,2018,54249,gasolina,2023-07-06,34,0
CTE433,camioneta,Mitsubishi,L200,2014,146203,gasolina,2022-09-12,44,0
YAV955,carro,Kia,Sportage,2019,97592,gasolina,2021-11-19,54,0
BCU979,camioneta,Mitsubishi,Ranger,2018,118382,gasolina,2024-08-01,21,0
ITL268,bus,Volvo,FD,2003,193269,diésel,2022-08-11,45,1
KJE224,carro,Kia,CX-5,2018,63066,gasolina,2024-06-17,22,0
YYS610,carro,Ford,Logan,2012,42130,gasolina,2022-08-19,45,1
VPP781,carro,Kia,Mustang,2007,162900,gasolina,2024-11-21,17,1
FYO802,camioneta,Nissan,Ranger,2015,92215,gasolina,2024-04-08,25,0
XLE733,moto,Honda,GS150,2023,21530,gasolina,2023-10-15,30,0
PIN220,camioneta,Ford,Hilux,2019,106270,gasolina,2023-08-29,32,0
FWL281,carro,Hyundai,Spark,2007,100215,diésel,2022-10-18,43,1
ZGQ446,carro,Ford,Corolla,2010,115726,gasolina,2023-08-31,32,0
UTB038,carro,Toyota,Logan,2010,72019,eléctrico,2021-03-08,62,0
GKT369,moto,AKT,FZ25,2012,36194,gasolina,2024-07-10,21,0
WPD527,camioneta,Mitsubishi,Hilux,2018,77953,gasolina,2022-06-19,47,0
GCH901,carro,Hyundai,Civic,2015,71036,gasolina,2025-06-13,10,0
BCB372,carro,Honda,Corolla,2018,110285,gasolina,2024-03-01,26,0
ACC018,carro,Hyundai,Civic,2016,77825,gasolina,2021-03-16,62,0
RYL114,carro,Hyundai,Sportage,2023,67151,gasolina,2023-07-05,34,0
DVG859,carro,Honda,Spark,2024,85984,gasolina,2024-02-27,26,0
RHV308,bus,Volvo,Sprinter,2018,153099,diésel,2021-03-11,62,1
SJE498,moto,Yamaha,GS150,2022,500,gasolina,2023-05-10,36,0
HTB167,carro,Chevrolet,Civic,2010,62969,gasolina,2021-07-05,58,0
RFP004,moto,AKT,CB190,2022,500,gasolina,2023-03-21,37,1
TAI321,camioneta,Ford,Ranger,2014,99422,diésel,2022-07-14,46,0
UPG890,moto,AKT,GS150,2017,48230,gasolina,2021-10-30,54,1
NOI995,carro,Honda,CX-5,2020,114564,gasolina,2021-03-17,62,0
OON014,carro,Hyundai,Sportage,2015,98546,gasolina,2024-06-18,22,1
GFA320,moto,AKT,FZ25,2019,40725,gasolina,2021-01-13,64,0
YMZ161,moto,Yamaha,TTX,2024,19486,gasolina,2022-10-30,42,0
ZVS245,carro,Hyundai,Logan,2007,41541,diésel,2025-02-15,14,1
LLH731,carro,Kia,Spark,2010,72649,gasolina,2023-11-27,29,0
PUX421,carro,Ford,Tucson,2016,49724,diésel,2022-06-05,47,0
TXW340,carro,Renault,Sportage,2021,46324,gasolina,2024-11-04,18,0
YEE719,moto,Suzuki,TTX,2013,40893,gasolina,2022-04-11,49,0
QWU376,camioneta,Ford,Ranger,2020,75931,diésel,2022-02-14,51,0
ZIE423,carro,Mazda,CX-5,2022,16412,gas natural,2024-08-23,20,0
VAI127,carro,Ford,Corolla,2018,72358,gasolina,2021-08-25,56,0
PLT689,carro,Toyota,Mustang,2016,46761,gasolina,2021-05-02,60,1
QYL090,camioneta,Nissan,Ranger,2019,130702,diésel,2023-09-27,31,0
HFU028,moto,Bajaj,FZ25,2018,65879,gasolina,2021-10-21,55,1
AZF468,carro,Mazda,Sportage,2012,106600,diésel,2022-07-29,45,0
UGB335,carro,Honda,Logan,2017,95275,gasolina,2022-07-30,45,0
FJP915,carro,Mazda,CX-5,2012,127797,diésel,2022-06-27,46,0
HVL966,carro,Ford,Tucson,2020,45671,gasolina,2023-03-06,38,0
MUO240,carro,Honda,Corolla,2010,59821,eléctrico,2022-03-24,49,0
BAC469,moto,Honda,GS150,2022,43710,gasolina,2021-03-22,62,0
NRY484,camioneta,Mitsubishi,Hilux,2012,94173,gasolina,2023-12-10,29,1
LYH259,moto,Bajaj,FZ25,2024,42903,gasolina,2022-10-29,42,0
OOV875,bus,Hino,K410,2004,177313,diésel,2024-11-18,17,1
WIL257,carro,Hyundai,Sportage,2016,70821,gasolina,2022-07-31,45,0
GXK728,camioneta,Toyota,Frontier,2017,92907,diésel,2023-06-15,35,0
ROA101,carro,Chevrolet,Sportage,2013,106040,gasolina,2021-03-26,62,1
DZH150,camioneta,Mitsubishi,Frontier,2013,102553,gasolina,2024-08-31,20,0
XYA174,moto,Yamaha,Pulsar,2017,13791,gasolina,2023-05-09,36,1
VCX367,carro,Honda,Logan,2019,75736,gasolina,2024-02-06,27,0
EID609,camioneta,Nissan,L200,2010,85646,diésel,2025-03-03,14,1
YFD895,moto,Honda,Pulsar,2017,68877,gasolina,2021-10-21,55,1
ESR208,carro,Toyota,Sportage,2023,92681,gasolina,2025-03-22,13,0
XZS144,bus,Hino,B7R,2008,276243,diésel,2025-01-22,15,1
AFG616,camioneta,Nissan,Frontier,2008,114442,diésel,2023-11-12,30,0
LPN585,moto,Bajaj,Pulsar,2020,58418,gasolina,2021-12-30,52,0
UNY284,carro,Renault,Sportage,2016,106771,gasolina,2022-07-22,45,0
NGB549,moto,Honda,FZ25,2020,51160,gasolina,2023-04-08,37,0
UIY414,carro,Ford,Mustang,2016,19109,diésel,2024-07-27,21,0
HYR749,camioneta,Mitsubishi,L200,2017,117984,gasolina,2021-05-26,60,1
YLS901,carro,Honda,Sportage,2021,127627,gasolina,2024-02-07,27,1
KXP658,camioneta,Mitsubishi,Frontier,2019,110538,gasolina,2025-03-13,13,0
XDX977,carro,Mazda,Sportage,2013,120949,gasolina,2023-02-18,38,1
ZUX297,moto,Honda,CB190,2014,30393,gasolina,2023-01-17,39,1
LHA497,camioneta,Mitsubishi,Ranger,2018,97727,gasolina,2024-07-04,22,0
ZPF871,camioneta,Nissan,L200,2015,137542,gasolina,2022-02-21,50,0
OBC172,carro,Chevrolet,Spark,2022,30526,gasolina,2024-09-22,19,0
NOZ693,camioneta,Toyota,L200,2010,176900,diésel,2021-09-03,56,1
KOC381,carro,Kia,Sportage,2013,70363,gasolina,2021-04-28,60,1
XIW196,carro,Honda,Corolla,2007,125969,gasolina,2021-09-20,56,0
OKV253,carro,Kia,Mustang,2019,59071,gas natural,2025-04-20,12,0
FDM293,carro,Kia,CX-5,2008,106311,gasolina,2023-06-19,34,1
GBC494,camioneta,Nissan,Hilux,2020,93367,gasolina,2022-09-12,44,1
FXQ751,carro,Mazda,Mustang,2020,26150,diésel,2023-09-19,31,0
VRG270,carro,Renault,Corolla,2019,65181,eléctrico,2025-01-17,15,0
ICF329,carro,Mazda,Spark,2024,76025,gasolina,2023-02-18,38,1
MPL693,moto,Honda,CB190,2017,49597,gasolina,2024-01-01,28,1
WKV288,carro,Honda,Sportage,2017,52357,gasolina,2024-06-18,22,0
XIN794,carro,Chevrolet,Sportage,2021,98188,gasolina,2023-06-18,34,0
RPH558,camioneta,Nissan,Hilux,2019,99627,diésel,2024-12-26,16,0
ZHD965,moto,Yamaha,TTX,2023,500,gasolina,2021-10-23,55,0
XWL417,carro,Hyundai,CX-5,2006,114459,gasolina,2024-12-14,16,0
OSS948,camioneta,Toyota,Ranger,2020,153120,gasolina,2024-09-30,19,0
SEA908,moto,AKT,GS150,2016,32854,gasolina,2023-07-29,33,0
ZJI126,carro,Hyundai,Tucson,2016,73443,gasolina,2021-12-23,52,1
XVA590,bus,Volvo,K410,2017,168561,diésel,2022-07-05,46,1
OND452,moto,Yamaha,Pulsar,2023,47608,gasolina,2021-06-22,59,0
CGG608,camioneta,Toyota,Hilux,2020,86411,diésel,2022-10-01,43,0
GSK143,carro,Mazda,Spark,2009,109110,gasolina,2024-12-25,16,0
PYQ508,carro,Hyundai,Tucson,2024,74943,gasolina,2024-09-30,19,0
AFC115,moto,Suzuki,Pulsar,2020,14039,gasolina,2025-01-19,15,0
XYR847,camioneta,Nissan,Hilux,2013,137452,diésel,2023-08-03,33,0
PRE718,carro,Chevrolet,Sportage,2022,96470,gasolina,2025-02-06,14,0
YMI295,carro,Renault,Logan,2022,15323,gasolina,2023-11-23,29,0
WOW274,carro,Kia,Tucson,2023,86503,diésel,2022-04-11,49,1
OGT451,moto,Bajaj,CB190,2011,51223,gasolina,2024-06-09,23,0
DBY368,camioneta,Nissan,Ranger,2010,106261,diésel,2023-07-31,33,0
HET692,carro,Ford,Tucson,2019,63215,diésel,2023-05-21,35,0
NYZ053,moto,Yamaha,FZ25,2018,64571,gasolina,2024-07-22,21,0
EMJ941,moto,Bajaj,FZ25,2011,26773,gasolina,2021-03-22,62,1
JXC337,carro,Toyota,Spark,2018,141013,gasolina,2021-02-20,63,0
JMC040,carro,Chevrolet,Tucson,2015,54737,diésel,2022-04-27,48,0
VFJ401,moto,AKT,GS150,2015,58802,gasolina,2024-04-17,24,0
GLE755,moto,AKT,TTX,2016,76090,gasolina,2025-01-22,15,0
VPK264,carro,Toyota,Logan,2018,35111,gasolina,2022-11-07,42,0
XXQ777,carro,Honda,Logan,2024,96721,gasolina,2022-06-21,46,1
TRZ904,bus,Mercedes,FD,2015,156736,diésel,2023-10-06,31,1
QPK044,carro,Honda,CX-5,2023,108060,diésel,2021-10-30,54,0
DRW395,moto,AKT,Pulsar,2014,68716,gasolina,2024-11-05,18,0
UMK202,carro,Kia,Sportage,2006,142125,gas natural,2021-12-23,52,1
XYP670,camioneta,Nissan,Frontier,2016,151064,gasolina,2021-09-20,56,1
RXC900,carro,Ford,Civic,2011,68395,eléctrico,2022-04-25,48,0
VOX734,carro,Renault,Tucson,2022,105273,diésel,2022-03-03,50,0
HVV983,carro,Toyota,Corolla,2020,172165,gasolina,2023-11-20,29,0
GHR044,moto,Honda,Pulsar,2021,65207,gasolina,2023-09-14,31,0
YHT250,moto,Bajaj,TTX,2015,84679,gasolina,2022-07-18,46,1
HJF781,carro,Mazda,Tucson,2015,120789,gasolina,2024-02-21,26,1
ITL472,camioneta,Toyota,Frontier,2013,62987,diésel,2022-04-27,48,0
BRA337,camioneta,Nissan,L200,2014,99834,diésel,2024-12-05,17,0
NTF806,bus,Volvo,Sprinter,2015,243899,diésel,2021-01-01,64,1
ZOU081,moto,AKT,CB190,2024,21709,gasolina,2024-11-24,17,0
YQD292,carro,Ford,Spark,2022,105040,gasolina,2022-09-20,43,1
DZV414,camioneta,Mitsubishi,Frontier,2012,33941,gasolina,2022-01-10,52,0
SZA547,moto,Bajaj,CB190,2019,39054,gasolina,2022-01-12,52,0
BQG021,moto,Yamaha,CB190,2011,52352,gasolina,2021-02-24,63,1
KYE225,carro,Renault,CX-5,2016,15990,gasolina,2025-03-24,13,0
BQG533,carro,Chevrolet,Sportage,2024,100354,diésel,2025-04-23,12,0
HXB968,carro,Mazda,Sportage,2020,112816,gas natural,2023-11-27,29,0
LUN816,moto,Yamaha,Pulsar,2010,59383,gasolina,2022-06-15,47,1
PFD286,carro,Honda,Civic,2012,23857,gasolina,2024-11-01,18,0
OSV506,carro,Chevrolet,Sportage,2010,31487,gasolina,2023-10-10,31,0
KOY711,carro,Hyundai,Mustang,2009,121524,diésel,2024-07-30,21,1
HUY315,camioneta,Toyota,L200,2015,157522,gasolina,2023-05-29,35,0
ABZ259,carro,Chevrolet,Sportage,2006,44787,gasolina,2023-03-14,38,0
EUX485,moto,Suzuki,CB190,2016,14453,gasolina,2024-09-03,20,0
PSR780,carro,Honda,Civic,2012,115713,gasolina,2022-01-23,51,0
YEQ108,carro,Ford,Logan,2006,13450,gas natural,2022-09-11,44,1
RDT660,carro,Mazda,Corolla,2019,105122,gasolina,2021-12-16,53,0
VQP796,moto,AKT,GS150,2018,8103,gasolina,2023-01-18,39,0
KVO496,bus,Mercedes,K410,2004,116988,diésel,2024-01-13,27,0
GJR577,carro,Hyundai,Tucson,2016,84951,gasolina,2021-06-10,59,1
RTW283,carro,Mazda,Spark,2008,104916,gas natural,2025-02-10,14,0
ASL454,moto,Yamaha,CB190,2023,54782,gasolina,2022-06-27,46,0
DWU950,moto,AKT,FZ25,2024,43674,gasolina,2024-08-22,20,0
GXM711,moto,Honda,Pulsar,2013,23395,gasolina,2022-08-05,45,0
DXT382,moto,Yamaha,Pulsar,2022,24527,gasolina,2021-07-10,58,1
LPK898,carro,Toyota,Spark,2007,89338,gasolina,2024-03-25,25,0
HLZ931,carro,Toyota,Tucson,2014,104984,gasolina,2024-10-28,18,0
MDT214,bus,Scania,B7R,2018,147774,diésel,2024-06-30,22,0
RLJ836,carro,Honda,Mustang,2023,56491,gasolina,2023-02-21,38,1
LJV382,moto,Honda,GS150,2014,28290,gasolina,2022-05-13,48,0
HMQ644,carro,Renault,Sportage,2016,82254,gasolina,2021-12-16,53,1
DVM235,carro,Toyota,Civic,2014,47323,gasolina,2022-02-09,51,0
LKH464,carro,Toyota,Sportage,2024,79728,gasolina,2021-07-19,58,0
DRL270,carro,Toyota,Corolla,2018,87500,diésel,2024-09-20,19,0
URH082,carro,Renault,CX-5,2009,98099,diésel,2021-05-17,60,1
VPE831,bus,Volvo,B7R,2018,227651,diésel,2021-12-24,52,1
WGG841,camioneta,Nissan,Ranger,2021,60103,gasolina,2024-10-24,18,0
EBD958,camioneta,Toyota,L200,2012,112619,diésel,2021-08-19,57,0
FKX863,carro,Kia,Logan,2016,95718,gasolina,2023-03-13,38,1
MYJ663,bus,Hino,FD,2004,158986,diésel,2023-09-26,31,1
PEY723,camioneta,Toyota,L200,2014,94429,diésel,2022-07-28,45,1
PCW420,carro,Honda,Sportage,2006,128999,eléctrico,2024-01-25,27,0
XAW056,moto,AKT,Pulsar,2011,673,gasolina,2024-07-18,21,0
FNM352,moto,Yamaha,GS150,2019,83426,gasolina,2023-09-24,31,0
FYS564,moto,Suzuki,TTX,2014,64464,gasolina,2023-03-07,38,0
OJH117,moto,Yamaha,TTX,2012,34012,gasolina,2021-03-30,61,0
HQY331,carro,Mazda,CX-5,2006,137094,gasolina,2021-10-23,55,1
KNP300,carro,Chevrolet,CX-5,2022,46483,gasolina,2021-11-19,54,0
YQX617,moto,Honda,FZ25,2019,50607,gasolina,2021-10-27,54,1
UAE267,carro,Ford,CX-5,2007,31484,gasolina,2024-04-17,24,1
GBY509,camioneta,Toyota,Hilux,2011,173234,diésel,2022-08-13,45,1
SHC536,carro,Chevrolet,Logan,2010,57838,eléctrico,2025-03-16,13,0
KEF950,moto,Bajaj,Pulsar,2015,57489,gasolina,2024-01-24,27,0
DMX033,moto,AKT,GS150,2020,44435,gasolina,2022-07-12,46,0
EKQ710,moto,Bajaj,Pulsar,2014,32771,gasolina,2024-04-18,24,0
LDM928,carro,Mazda,Civic,2009,61415,gasolina,2023-07-17,33,1
AFG151,carro,Hyundai,Spark,2009,169207,gasolina,2022-08-13,45,1
MMY763,carro,Kia,Mustang,2011,56946,gasolina,2024-11-12,17,0
PON315,carro,Toyota,Logan,2011,99107,diésel,2023-03-12,38,1
IBM990,carro,Toyota,Logan,2011,104361,gasolina,2022-09-13,44,0
GYP118,carro,Honda,Logan,2013,120858,gasolina,2024-12-16,16,1
GSQ043,camioneta,Nissan,Ranger,2019,154964,gasolina,2023-02-05,39,0
CKV235,carro,Kia,Civic,2010,41948,diésel,2024-08-02,21,0
CML434,carro,Renault,Civic,2018,80310,gasolina,2023-03-10,38,0
HSC313,moto,Honda,TTX,2015,53860,gasolina,2023-09-30,31,1
HJO157,moto,Yamaha,CB190,2016,46576,gasolina,2022-07-27,45,0
PKB741,carro,Toyota,Civic,2023,56555,gasolina,2022-01-31,51,0
IIY436,carro,Chevrolet,Mustang,2009,64405,gasolina,2023-06-04,35,0
DWV853,carro,Renault,Mustang,2007,78757,eléctrico,2023-11-08,30,1
IEM540,carro,Chevrolet,Tucson,2009,41046,gasolina,2022-11-01,42,1
GIW939,camioneta,Nissan,Frontier,2016,109272,diésel,2022-11-16,42,0
JVF014,carro,Honda,Spark,2019,101319,eléctrico,2024-08-13,20,0
JLW792,moto,Suzuki,FZ25,2010,51250,gasolina,2021-07-05,58,1
RNF608,carro,Ford,Corolla,2012,98521,gasolina,2022-11-20,41,0
OMT448,carro,Chevrolet,Logan,2021,49328,gasolina,2022-03-05,50,0
NSD329,bus,Scania,K410,2020,103002,diésel,2021-01-04,64,1
DLY852,carro,Toyota,Spark,2012,92556,gas natural,2021-03-20,62,0
XAC972,carro,Renault,Sportage,2024,55391,diésel,2022-07-22,45,0
PSM428,moto,Bajaj,CB190,2013,48106,gasolina,2021-11-18,54,0
LDD487,moto,Yamaha,Pulsar,2014,71872,gasolina,2023-03-17,38,0
CES721,carro,Honda,Logan,2011,87293,gasolina,2021-01-11,64,1
OXF647,moto,Bajaj,TTX,2016,35784,gasolina,2025-02-14,14,0
BHG925,carro,Kia,Sportage,2005,54554,gasolina,2023-04-29,36,0
JRO944,carro,Renault,Logan,2010,47312,gasolina,2022-02-10,51,1
QEV563,moto,AKT,TTX,2019,65944,gasolina,2025-01-01,16,0
SMT988,camioneta,Nissan,Ranger,2020,12927,gasolina,2021-09-07,56,1
RQI262,carro,Toyota,Civic,2005,73728,gasolina,2023-12-06,29,0
RPI116,carro,Renault,Logan,2021,122048,gasolina,2025-06-28,10,0
FAO107,camioneta,Nissan,L200,2011,69775,diésel,2021-05-27,59,0
EEJ266,carro,Ford,Tucson,2005,77957,diésel,2022-08-25,44,1
GFC228,camioneta,Mitsubishi,L200,2020,99373,gasolina,2021-12-29,52,1
TEU427,moto,AKT,CB190,2012,51599,gasolina,2025-05-28,11,0
CTS156,carro,Honda,CX-5,2007,130876,eléctrico,2023-02-15,39,1
SCM294,camioneta,Mitsubishi,Hilux,2008,92839,gasolina,2022-01-05,52,0
IBE852,camioneta,Ford,Hilux,2008,69977,diésel,2024-04-14,24,0
FCQ072,moto,Suzuki,FZ25,2018,27131,gasolina,2023-03-30,37,1
ABA485,carro,Toyota,Civic,2016,148679,gasolina,2025-03-14,13,1
RBK106,moto,Honda,FZ25,2019,79600,gasolina,2025-01-24,15,0
EXN153,moto,Bajaj,GS150,2016,48573,gasolina,2024-01-04,28,0
GFX698,carro,Honda,Mustang,2011,101726,gasolina,2024-10-08,18,0
JUT430,carro,Hyundai,CX-5,2021,58143,gasolina,2022-10-31,42,1
VWG855,carro,Mazda,CX-5,2009,115665,gasolina,2022-04-02,49,0
WSR715,carro,Kia,Civic,2018,71365,gasolina,2021-09-15,56,0
RPV603,carro,Hyundai,Corolla,2008,50502,gasolina,2024-09-21,19,0
JDQ972,carro,Toyota,Civic,2014,88919,gasolina,2024-01-23,27,0
UQT370,carro,Honda,Sportage,2018,69577,gasolina,2023-03-25,37,1
UXI114,bus,Volvo,K410,2010,213138,diésel,2022-12-20,40,1
AWO540,carro,Chevrolet,Civic,2005,79079,gasolina,2024-04-07,25,1
HAZ672,camioneta,Mitsubishi,Frontier,2010,124204,diésel,2021-03-22,62,1
YAY119,moto,Yamaha,TTX,2021,42621,gasolina,2024-11-09,17,0
RTM702,carro,Renault,Tucson,2005,145785,gas natural,2022-09-03,44,1
MXY569,carro,Ford,CX-5,2016,106345,gasolina,2025-02-05,14,0
HQQ005,carro,Kia,Spark,2013,68524,diésel,2023-03-11,38,1
YLR579,camioneta,Toyota,L200,2022,131469,diésel,2021-01-28,63,0
MHW444,moto,Suzuki,FZ25,2016,28440,gasolina,2021-09-28,55,1
FID774,moto,Honda,FZ25,2016,39969,gasolina,2023-04-27,36,1
BNI144,carro,Kia,Mustang,2016,44955,gasolina,2022-08-30,44,0
UCI466,camioneta,Toyota,Hilux,2012,69207,diésel,2024-09-16,19,0
NUC420,carro,Honda,Corolla,2013,85198,gasolina,2023-05-27,35,0
BIX998,carro,Kia,Sportage,2020,30812,gasolina,2021-06-11,59,0
XGL610,carro,Ford,Tucson,2011,85037,gasolina,2021-07-19,58,0
YCD025,camioneta,Toyota,L200,2014,94949,gasolina,2022-09-17,44,1
QFE682,camioneta,Ford,Hilux,2009,112078,gasolina,2025-05-08,11,1
UUU513,carro,Renault,Corolla,2019,105211,eléctrico,2024-11-07,17,0
NXF875,carro,Chevrolet,Spark,2024,115400,eléctrico,2021-07-26,57,0
BIA638,camioneta,Toyota,L200,2017,126581,diésel,2024-11-15,17,0
PLM490,camioneta,Mitsubishi,Ranger,2009,75432,gasolina,2022-06-17,47,1
WNL328,carro,Toyota,CX-5,2015,102471,gasolina,2022-05-08,48,1
PHR112,carro,Toyota,Spark,2017,131492,gasolina,2022-06-16,47,1
VME226,carro,Mazda,Civic,2009,91252,gasolina,2023-03-15,38,0
RFH148,camioneta,Mitsubishi,L200,2021,34829,diésel,2021-12-26,52,1
VUF989,carro,Renault,Tucson,2022,36287,gasolina,2022-08-07,45,0
XXN725,moto,Bajaj,CB190,2017,46768,gasolina,2021-09-25,55,0
YSC216,bus,Mercedes,Sprinter,2011,182052,diésel,2021-12-03,53,0
EYJ585,carro,Honda,Corolla,2011,160163,gasolina,2023-01-06,40,1
DMT965,carro,Chevrolet,Sportage,2016,63208,gasolina,2023-01-03,40,0
INF702,camioneta,Nissan,Ranger,2020,100900,gasolina,2021-11-06,54,1
XME196,carro,Kia,Logan,2014,99455,gasolina,2022-01-02,52,0
BXR465,moto,AKT,GS150,2010,500,gasolina,2021-01-30,63,0
PPX615,moto,Honda,CB190,2019,57740,gasolina,2024-02-28,26,0
VTP731,moto,Yamaha,FZ25,2014,35019,gasolina,2021-05-12,60,0
FRY401,carro,Kia,Spark,2006,30607,gasolina,2023-09-18,31,0
SOK236,bus,Hino,K410,2008,175282,diésel,2022-11-10,42,1
OYV867,carro,Toyota,Corolla,2018,120923,diésel,2024-07-21,21,0
BGP856,carro,Ford,Civic,2015,90041,eléctrico,2021-08-30,56,0
HJZ924,carro,Mazda,Civic,2013,500,diésel,2022-07-13,46,1
ZYR004,carro,Chevrolet,Logan,2005,95887,gasolina,2022-09-02,44,0
JKF996,camioneta,Nissan,L200,2012,97633,gasolina,2023-05-22,35,0
ZXO267,moto,AKT,FZ25,2018,44286,gasolina,2023-07-31,33,1
GMP276,camioneta,Mitsubishi,L200,2023,58914,gasolina,2024-11-19,17,0
DEG257,moto,Bajaj,GS150,2020,59993,gasolina,2024-07-12,21,1
VQT156,carro,Chevrolet,Mustang,2012,114494,gasolina,2023-11-15,29,0
WGR947,carro,Honda,Mustang,2020,85056,gasolina,2023-10-27,30,0
UQV173,carro,Kia,Tucson,2016,80482,gasolina,2021-03-31,61,0
MPO175,carro,Chevrolet,Logan,2019,119729,gasolina,2025-03-10,13,0
OTZ449,carro,Ford,Mustang,2018,97151,gasolina,2024-07-24,21,0
RKG544,carro,Toyota,Civic,2017,71008,gasolina,2023-10-18,30,0
UKR086,carro,Chevrolet,Spark,2010,73767,gasolina,2022-12-13,41,1
AOK705,moto,Honda,FZ25,2015,49491,gasolina,2025-04-26,12,1
IQX134,bus,Hino,B7R,2013,310742,diésel,2025-04-03,13,0
VET460,carro,Chevrolet,Corolla,2017,63809,diésel,2022-03-30,49,1
ZMT050,carro,Hyundai,Tucson,2021,64992,gas natural,2023-04-25,36,0
TBN603,moto,Suzuki,GS150,2022,56195,gasolina,2024-04-06,25,0
RKB512,carro,Ford,Spark,2023,61787,gasolina,2023-02-26,38,0
DNI487,carro,Honda,Tucson,2005,47787,gasolina,2024-02-23,26,0
YSE033,carro,Toyota,CX-5,2014,43327,gasolina,2022-08-31,44,0
MPW940,carro,Honda,Civic,2022,130994,gasolina,2022-10-04,43,1
RXQ571,carro,Chevrolet,CX-5,2019,50266,diésel,2023-08-22,32,0
DGM671,camioneta,Nissan,L200,2023,100967,diésel,2024-02-06,27,0
TIZ318,moto,Suzuki,CB190,2023,10329,gasolina,2023-03-03,38,1
RBM259,carro,Toyota,Sportage,2013,77400,gas natural,2025-01-28,15,0
CQT532,camioneta,Mitsubishi,Ranger,2008,94051,gasolina,2025-02-21,14,0
IDA181,moto,Suzuki,TTX,2014,36647,gasolina,2021-08-04,57,0
YBB520,carro,Hyundai,Logan,2012,65299,gasolina,2023-06-17,34,0
ZXL143,moto,Honda,FZ25,2013,40764,gasolina,2024-03-28,25,0
RTL255,moto,Honda,FZ25,2014,36422,gasolina,2025-05-21,11,0
FIK470,carro,Renault,Logan,2017,72911,eléctrico,2022-12-25,40,0
FRZ049,carro,Kia,Logan,2022,55749,eléctrico,2024-02-07,27,0
HWP322,carro,Hyundai,Logan,2008,56474,eléctrico,2024-10-05,19,0
GWT213,moto,Suzuki,CB190,2019,57086,gasolina,2022-05-13,48,0
ONH404,carro,Ford,Logan,2015,75652,diésel,2022-04-11,49,1
RNB140,carro,Honda,Sportage,2018,121750,gas natural,2022-07-18,46,1
LPL520,moto,AKT,TTX,2017,31555,gasolina,2021-08-31,56,0
JNU282,moto,AKT,Pulsar,2014,28758,gasolina,2024-11-09,17,0
LQF421,moto,Suzuki,FZ25,2019,61276,gasolina,2021-06-24,59,1
BMG367,carro,Renault,Tucson,2018,75048,diésel,2022-02-01,51,0
CSP660,moto,Bajaj,TTX,2011,34216,gasolina,2022-03-05,50,0
GCX910,moto,Yamaha,Pulsar,2012,33072,gasolina,2025-04-10,12,0
FGV583,carro,Kia,Civic,2017,129005,gasolina,2024-01-05,28,0
MXK488,moto,Honda,TTX,2015,41137,gasolina,2021-04-05,61,0
USS020,moto,Suzuki,Pulsar,2020,53045,gasolina,2022-08-26,44,0
BKR192,carro,Honda,Sportage,2024,118481,gas natural,2024-09-17,19,0
WMR081,moto,Bajaj,FZ25,2017,48754,gasolina,2025-06-13,10,0
YEW928,carro,Mazda,Tucson,2011,43248,gasolina,2025-02-04,15,0
YQD902,moto,Bajaj,CB190,2013,47708,gasolina,2024-02-10,27,0
GKC598,carro,Honda,CX-5,2007,125723,gasolina,2022-10-09,43,0
VGM214,carro,Chevrolet,Sportage,2016,110794,gas natural,2024-08-27,20,0
DWD617,camioneta,Nissan,Hilux,2011,119509,diésel,2022-09-04,44,0
LQJ508,carro,Chevrolet,CX-5,2017,62369,gasolina,2021-02-01,63,1
HVJ163,moto,Suzuki,TTX,2017,58511,gasolina,2024-06-23,22,0
ZOV652,carro,Mazda,Sportage,2009,15850,gasolina,2025-06-02,11,0
QSM528,moto,AKT,CB190,2010,61860,gasolina,2022-02-11,51,1
JCG763,carro,Honda,Civic,2019,124917,gasolina,2024-09-17,19,0
CCU687,camioneta,Ford,Hilux,2015,75614,gasolina,2024-07-13,21,1
JQP188,carro,Honda,Logan,2020,83812,gasolina,2024-01-20,27,0
VHD403,carro,Mazda,CX-5,2023,17933,gasolina,2022-10-10,43,0
YDC843,carro,Kia,Civic,2005,78312,diésel,2023-08-22,32,0
LHB428,carro,Renault,Mustang,2014,59300,diésel,2022-04-04,49,0
KNH819,moto,Honda,FZ25,2015,13793,gasolina,2022-10-09,43,0
OHS944,carro,Ford,CX-5,2023,89413,gasolina,2024-06-25,22,0
ZRL823,carro,Kia,Spark,2005,137720,eléctrico,2023-12-08,29,1
QNI538,carro,Kia,Civic,2014,113583,eléctrico,2021-10-15,55,0
BXH480,carro,Kia,Civic,2022,65970,eléctrico,2022-08-26,44,0
WIA112,moto,AKT,TTX,2020,69409,gasolina,2022-05-15,48,0
VQH317,moto,AKT,TTX,2020,58722,gasolina,2021-07-22,58,0
ZYR782,carro,Ford,Tucson,2024,151819,gasolina,2021-01-26,64,0
AZM023,moto,Honda,Pulsar,2016,34691,gasolina,2024-03-24,25,0
WBX263,moto,Yamaha,FZ25,2020,59454,gasolina,2022-06-29,46,1
IQW088,camioneta,Toyota,Ranger,2016,186970,diésel,2023-11-07,30,0
ORY409,moto,AKT,FZ25,2014,2294,gasolina,2022-08-20,44,0
CCY979,carro,Hyundai,Logan,2018,106863,gasolina,2024-10-15,18,0
UMM429,moto,Suzuki,GS150,2021,18565,gasolina,2023-09-06,32,0
JDL267,moto,Yamaha,Pulsar,2013,27700,gasolina,2023-07-11,34,0
YSD875,carro,Kia,Mustang,2005,82996,gasolina,2021-03-30,61,1
AHR286,bus,Scania,Sprinter,2020,220874,diésel,2022-09-19,43,1
GIM592,carro,Mazda,Corolla,2009,140887,gasolina,2022-10-08,43,1
SPO596,carro,Chevrolet,Civic,2020,87309,gasolina,2023-02-09,39,1
BFY466,carro,Toyota,Logan,2005,80494,diésel,2023-10-05,31,1
GZM475,carro,Honda,Corolla,2024,57814,gasolina,2022-05-11,48,1
YMW815,moto,Bajaj,GS150,2018,18972,gasolina,2023-08-08,33,0
ZGP406,moto,AKT,Pulsar,2012,17093,gasolina,2025-05-24,11,0
WDU218,moto,AKT,FZ25,2013,57321,gasolina,2022-05-12,48,0
YQA933,moto,AKT,GS150,2012,22906,gasolina,2024-10-09,18,0
AIE435,camioneta,Toyota,L200,2008,175441,diésel,2024-05-12,23,1
WAP322,moto,AKT,Pulsar,2014,53004,gasolina,2022-05-14,48,0
OGJ719,carro,Kia,CX-5,2014,125405,gasolina,2022-11-29,41,0
WNQ894,carro,Chevrolet,Sportage,2014,74394,gasolina,2024-08-02,21,0
TNS034,camioneta,Mitsubishi,Frontier,2017,170819,gasolina,2021-04-28,60,1
LRX008,moto,Yamaha,FZ25,2018,33358,gasolina,2023-10-23,30,0
VXJ845,camioneta,Mitsubishi,Ranger,2021,110495,diésel,2022-05-13,48,0
VSX443,moto,Yamaha,FZ25,2019,11159,gasolina,2025-03-06,14,0
BZX661,moto,Suzuki,GS150,2018,12671,gasolina,2024-10-16,18,0
KSC278,carro,Renault,Mustang,2007,58093,gasolina,2025-03-26,13,0
BFF536,carro,Hyundai,Sportage,2019,95330,diésel,2021-03-18,62,1
KRW501,moto,Suzuki,CB190,2017,47629,gasolina,2024-01-24,27,0
MTH462,carro,Honda,Tucson,2016,107009,gasolina,2024-11-02,18,0
FWR507,camioneta,Toyota,Frontier,2008,120894,gasolina,2023-11-22,29,0
MQJ836,carro,Mazda,Logan,2008,23321,gasolina,2024-06-09,23,0
ZDD733,moto,Bajaj,Pulsar,2011,29398,gasolina,2024-08-24,20,1
SZF616,carro,Mazda,Civic,2021,64598,diésel,2022-11-14,42,0
SFI014,camioneta,Ford,Ranger,2018,128882,diésel,2025-04-12,12,0
PSA042,carro,Toyota,Mustang,2014,108642,gasolina,2025-04-18,12,0
FKT379,carro,Hyundai,Sportage,2005,54487,diésel,2022-06-15,47,1
BSS015,carro,Toyota,Tucson,2023,28100,gasolina,2023-05-03,36,0
QAV331,bus,Scania,FD,2017,227663,diésel,2021-05-27,59,1
XVK248,carro,Mazda,Civic,2017,128182,gasolina,2025-01-23,15,1
ACE880,carro,Ford,CX-5,2020,128649,gasolina,2024-09-23,19,0
OUI368,carro,Chevrolet,Spark,2014,68272,gasolina,2021-05-15,60,0
XHX135,camioneta,Mitsubishi,Frontier,2013,102448,diésel,2021-03-24,62,0
DBB114,moto,Suzuki,CB190,2014,27836,gasolina,2024-03-15,25,0
ESX192,carro,Toyota,Tucson,2007,123746,gas natural,2024-06-05,23,1
HNT424,camioneta,Ford,Ranger,2009,103907,diésel,2021-06-04,59,0
TAS311,camioneta,Mitsubishi,Hilux,2010,138265,diésel,2023-12-14,28,0
FCF626,carro,Renault,Sportage,2005,81298,gasolina,2024-07-19,21,1
HAH411,camioneta,Toyota,Hilux,2015,146981,gasolina,2022-09-11,44,1
VLF743,carro,Toyota,Sportage,2013,138532,eléctrico,2024-07-10,21,1
BWB654,camioneta,Mitsubishi,Ranger,2020,103704,gasolina,2024-06-17,22,0
AON290,camioneta,Ford,Ranger,2013,120467,diésel,2024-07-20,21,1
OEF088,camioneta,Toyota,Frontier,2013,109034,diésel,2025-06-07,10,0
FFJ748,moto,Honda,Pulsar,2010,36779,gasolina,2024-08-03,21,0
UIV710,moto,AKT,Pulsar,2017,26221,gasolina,2023-04-29,36,0
SIH870,carro,Ford,Sportage,2007,36402,gasolina,2024-03-17,25,1
OJM956,camioneta,Ford,L200,2015,10152,gasolina,2025-01-04,16,0
DWR837,moto,Bajaj,FZ25,2019,40080,gasolina,2021-01-29,63,0
CXW028,camioneta,Toyota,L200,2023,104210,diésel,2022-07-23,45,1
XCE208,camioneta,Ford,L200,2017,141706,diésel,2023-06-29,34,0
XPD055,bus,Hino,B7R,2001,181884,diésel,2023-03-10,38,0
QLD315,carro,Hyundai,Sportage,2022,18333,diésel,2023-08-22,32,0
DKL372,carro,Renault,Spark,2011,103417,gasolina,2023-06-21,34,0
TXG932,moto,Yamaha,TTX,2010,87080,gasolina,2022-04-26,48,1
CFZ043,moto,Suzuki,GS150,2024,31631,gasolina,2021-10-04,55,0
WJE142,carro,Hyundai,Corolla,2023,107870,gasolina,2022-02-26,50,0
IGB971,camioneta,Nissan,Frontier,2021,154327,diésel,2024-03-16,25,1
CDW612,camioneta,Nissan,Ranger,2023,66785,diésel,2024-02-20,26,0
TVK154,camioneta,Mitsubishi,L200,2009,71837,diésel,2022-03-15,50,1
BKK387,carro,Kia,Mustang,2023,98581,gasolina,2024-05-22,23,0
JAV631,moto,Suzuki,CB190,2011,25924,gasolina,2021-06-05,59,0
VGP555,carro,Honda,Spark,2012,30866,gasolina,2024-05-14,23,0
NWO256,carro,Mazda,Sportage,2006,89938,gasolina,2022-01-15,52,1
BFL232,carro,Honda,CX-5,2015,159140,gasolina,2022-04-16,49,1
HEZ161,carro,Chevrolet,Civic,2018,24462,gasolina,2024-04-25,24,0
DRP386,camioneta,Ford,Frontier,2023,74417,diésel,2021-09-13,56,0
GRR541,moto,Honda,TTX,2020,49055,gasolina,2024-04-06,25,0
QIU716,moto,Honda,FZ25,2021,27107,gasolina,2023-09-30,31,0
WAY847,carro,Renault,Civic,2006,63689,gasolina,2023-04-11,37,1
OXM083,camioneta,Mitsubishi,L200,2016,98881,diésel,2022-12-29,40,0
HKN925,moto,Yamaha,TTX,2010,30962,gasolina,2025-02-10,14,0
TPF735,moto,AKT,GS150,2013,34322,gasolina,2024-05-10,24,0
PWZ575,carro,Hyundai,Spark,2022,57665,eléctrico,2025-01-15,15,0
RIV011,moto,Bajaj,GS150,2011,55459,gasolina,2023-06-17,34,0
BJE245,carro,Kia,Civic,2019,64478,gasolina,2022-03-19,50,0
IQE114,carro,Mazda,Mustang,2020,55171,diésel,2025-06-15,10,0
JTZ087,carro,Honda,Logan,2008,86293,gasolina,2024-03-14,25,0
AYP921,carro,Honda,Corolla,2024,103890,gasolina,2023-03-25,37,0
GBY582,moto,Honda,GS150,2010,46370,gasolina,2021-01-21,64,0
NLS899,moto,Yamaha,Pulsar,2019,49548,gasolina,2021-01-17,64,0
NWS002,carro,Renault,Spark,2009,123487,gasolina,2023-01-09,40,1
IQX665,bus,Scania,K410,2008,76102,diésel,2021-06-16,59,1
THP408,carro,Toyota,CX-5,2014,36529,diésel,2022-09-19,43,0
FPL952,moto,AKT,CB190,2016,20323,gasolina,2022-06-25,46,1
YRR518,carro,Hyundai,Mustang,2016,34517,gasolina,2024-12-17,16,0
IVO355,carro,Chevrolet,Spark,2007,83364,gasolina,2024-09-03,20,1
CXX685,carro,Renault,Civic,2014,81020,diésel,2022-06-03,47,1
POC242,moto,Suzuki,FZ25,2019,63011,gasolina,2024-11-23,17,0
CCA823,carro,Toyota,Spark,2024,73778,gasolina,2021-11-07,54,0
UOT066,moto,Suzuki,Pulsar,2021,15685,gasolina,2021-07-30,57,0
